-- MySQL dump 10.10
--
-- Host: mysql.fishbulb.info    Database: badpoetry
-- ------------------------------------------------------
-- Server version	5.0.24a-standard-log

/*!40101 SET @OLD_CHARACTER_SET_CLIENT=@@CHARACTER_SET_CLIENT */;
/*!40101 SET @OLD_CHARACTER_SET_RESULTS=@@CHARACTER_SET_RESULTS */;
/*!40101 SET @OLD_COLLATION_CONNECTION=@@COLLATION_CONNECTION */;
/*!40101 SET NAMES utf8 */;
/*!40103 SET @OLD_TIME_ZONE=@@TIME_ZONE */;
/*!40103 SET TIME_ZONE='+00:00' */;
/*!40014 SET @OLD_UNIQUE_CHECKS=@@UNIQUE_CHECKS, UNIQUE_CHECKS=0 */;
/*!40014 SET @OLD_FOREIGN_KEY_CHECKS=@@FOREIGN_KEY_CHECKS, FOREIGN_KEY_CHECKS=0 */;
/*!40101 SET @OLD_SQL_MODE=@@SQL_MODE, SQL_MODE='NO_AUTO_VALUE_ON_ZERO' */;
/*!40111 SET @OLD_SQL_NOTES=@@SQL_NOTES, SQL_NOTES=0 */;

--
-- Table structure for table `poems`
--

DROP TABLE IF EXISTS `poems`;
CREATE TABLE `poems` (
  `id` int(11) NOT NULL auto_increment,
  `content` text,
  `author` varchar(255) default NULL,
  `created_at` datetime default NULL,
  `title` varchar(255) default NULL,
  `user_id` int(11) default NULL,
  PRIMARY KEY  (`id`)
) ENGINE=InnoDB DEFAULT CHARSET=latin1;

--
-- Dumping data for table `poems`
--


/*!40000 ALTER TABLE `poems` DISABLE KEYS */;
LOCK TABLES `poems` WRITE;
INSERT INTO `poems` VALUES (1,'Bad poetry this is;\r\nstoic, muted greys.\r\nPost your bad poetry here, squawked the squirrel\r\nduck!\r\ntape?','JD','2007-02-06 23:12:43','Bad Poetry',3),(2,'Hot, bitter, concoction of life.\r\nEnergizer, motivator, reason for living - \r\nWhy can\'t I find a bigger cup?\r\n','daglo','2007-02-07 07:55:40','Morning Coffee',2),(3,'Packets. No forwarding.\r\nDNS. No resolving.\r\nHTTP. No serving.\r\nThe router has crashed.','JD','2007-02-07 08:10:13','My Router',3),(4,'Is that my arm I\'m chewing on?','Seth','2007-02-07 08:58:59','AN ODE TO ZOMBIES',1),(5,'I am floundering in a sea of fish guts.\r\nI cannot find my way out of the quagmire.\r\nHelp.','Seth','2007-02-07 09:01:43','A MIDNIGHT\'S STROLL IN MY GARDEN',1),(6,'Morning. No fresh coffee.\r\n*SCREAM*\r\nMicrowave, rescuing me in my despair.\r\nNow I can last, till the fresh java is brewed.','JD','2007-02-07 09:07:20','Microwaved Coffee',3),(7,'There once was a guy who like RAW\r\nthough he could see past it\'s flaws.\r\n     He yelled until spittle flew\r\n     making many wish he knew\r\nwhy all the TIFF fans will sock him in the jaw.','Seth','2007-02-07 09:07:57','RAW Sucks',1),(8,'Long snaky tendrils weaving together.\r\nCovered in a thick red sauce not unlike blood.\r\nMeaty chunks throughout.\r\nMessy, and can ruin a shirt.\r\nAlas, I wish this was food.','JD','2007-02-07 09:11:33','SPAGHETTI',3),(9,'Up?  Down?  Left or Right,\r\nWho cares, so why fight?\r\nNorth is north and South is not.\r\nEast is West but the West is hot.\r\nWhy oh North do you elude me so?\r\nDo you prefer the average Joe?\r\n\r\nI declare a war on North.\r\nLook at all the trouble he has brought forth.\r\nIn the ether we don\'t care\r\nwhich way to comb our hair,\r\nso why must we know\r\nwhich way to go?\r\n\r\nIn the end, at the end of the day\r\nI\'ll just say \"North is that way.\"','Seth','2007-02-07 11:18:43','Which way is North',1),(10,'Identity is\r\nfluid like a fast river.\r\nWhich Way is now North.','Seth','2007-02-07 11:23:50','Which Way is North',1),(11,'There is no worse fate\r\nfor a cup of water\r\nto be burnt to the taste\r\nof some vile fluid\r\ncalled \"Coffee\".','Seth','2007-02-07 11:24:29','A Fate Worse than Death',1),(12,'$this->poem->sucks();','Seth','2007-02-07 11:26:31','An Ode to an Axe Murderer',1),(13,'Six syllables has the line below.\r\nNine syllables above.','JD','2007-02-07 11:37:50','AUTOLOGIC',3),(14,'Rb, we like you\r\nMostly for all the things you do\r\nYou make us happy when we feel like poo\r\nwe really do like you\r\n\r\nAt times you can be flimsy and frail\r\nLike that time nev rolled all the dice and you had to bail\r\nThere the time dowaito did something with your keywords, and you went home and decided to wail\r\nBoy, you are so flimsy and frail\r\n\r\nThere are times you are easily abused\r\nLike the time photonut messed with everyone\'s karma, didn\'t you feel so used?\r\n\"Actually, that happens every week. . . \" the author mused\r\nYou almost deserve to be abused\r\n\r\nRb, we really do like you, although our amusement is fading\r\nYour value is waning\r\nAnd your feature request list still waiting\r\nHopefully you\'re never put on the group\'s list of hating','JD','2007-02-07 13:05:14','An ode to rb',3),(15,'The friends chat gaily,\r\nI stand up to join their talk.\r\nMy save-excursion.','Stevey','2007-02-07 14:33:21','save-excursion',NULL),(16,'startApplication()\r\nthenWaitFriggingForever()\r\nthenItGoesRealSlow()','stevey','2007-02-07 14:33:56','Working in eclipse. A haiku.',NULL),(17,'You may ask\r\nwhere it comes\r\nfrom.\r\n\r\nYou may wonder\r\nwhy it appears\r\nas if magic.\r\n\r\nYou may ponder\r\nit\'s ultimate meaning\r\nin the universe.\r\n\r\nIn the end,\r\nit\'s still just\r\nbellybutton lint.','Seth','2007-02-07 15:43:34','To Lint',1),(18,'Shoot me up.\r\nSlap me down.\r\nWhy do you wear\r\nthat big ol\' frown?\r\n\r\nGimme more!  Gimme more.\r\nYou are the drug I adore.\r\n\r\nCaffeine!','Seth','2007-02-08 13:08:09','Caffeine',1),(19,'jiggidy joo!\r\nwakka wakka wakka wakka\r\nboop!\r\nFfffrreeeeeoooooowwwwww','Seth','2007-02-12 09:30:59','~wibble~',1),(20,'Get bent!\r\nDie!\r\nI hate you!\r\nGo away and never come back.\r\n\r\nMonday, you are my nemesis.','Seth','2007-02-12 09:33:09','An Ode to Mondays',1),(21,'Why won\'t you come sooner\r\nFreedom?\r\nNo. Friday.','JD','2007-02-12 09:39:09','An Ode to Fridays',3),(22,'ThankstoyouI\'mtoowounduptosleep.\r\nIwillbelatetoworkandnotabletofunction.\r\nWhydoyouhateme?  IsitbecauseIhateyou?\r\nYoufoulfiend.  Icurseyouandwishyou\'dgoaway.','Seth','2007-02-12 09:41:56','Caffeine ii',1),(23,'Jittery, oh so jittery.\r\nI cannot sleep.\r\nI must ~wibble~.\r\nI am hyper.\r\n\r\nJittery, oh so jittery.\r\nI am seeing things.\r\nForsooth!  A pink tiger.\r\nWait.  No.\r\n\r\nJittery, oh so jittery.\r\nMy limbs won\'t be still.\r\nI can\'t stay on topic.\r\nOooo, shiny!\r\n\r\nCaffeine you make me jittery.','Seth','2007-02-12 09:45:00','Caffeine iii',1),(24,'This poem is called caffiene iv.\r\nThat might sound like \'caffiene 4\' if you\'d read the previous poems.\r\nAlas, that is not the case.\r\nMy caffiene iv is what keeps me going.\r\nIt\'s what get\'s me up in the mornings.\r\nWhoa, this is not a poem at all.\r\nThen again, is free-form pose just bad poetry?','JD','2007-02-12 09:51:50','Caffiene iv',3),(25,'Arteries hardening.\r\nStomach revolting.\r\nHeart stopping.\r\nMouth watering.\r\nBliss, Nirvana, or Shock?','Seth','2007-02-12 10:59:44','To the Thing Known as a Chili Dog',1),(26,'ME you were a joke.\r\n98 you were just like 95, with more colors.\r\n2000 were you the real ME?\r\nXP you just plain suck.\r\nVista.  Bite me.','Seth','2007-02-22 17:37:16','Windows SUCKS',1),(27,'I am so tired\r\nI could sleep for eons.\r\nI am not wired.\r\ncaffeine has let me down.\r\n\r\nI want to sleep\r\nlike Van Winkle.\r\nTo bed I\'ll creep\r\nand rest in cap and gown.','daglo','2007-03-01 15:42:36','Bone Tired',2),(28,'Thick with envy, I am not.\r\nThick with sludge, my cold coffee is.\r\nA spoon stands in it and mocks me.\r\nMy warm beverage is no longer enticing.\r\nStill I drink.\r\nFace contorts at the bitterness.\r\nLovely aftertaste.\r\nAhh, cold coffee.','jd','2007-03-06 15:56:25','Cold coffee',3),(29,'Alas poor dowaito.\r\nI knew him well.\r\nThither he withered in his aged youth.\r\nAnd thus goeth he into obscurity.','Seth','2007-03-06 15:59:39','Poor dowaito',1),(30,'Brown Eyed Beauty.\r\nBlack and White like an Oreo Cookie.\r\nShe stands proud and content.\r\n\r\nHere today, gone tomorrow.\r\nShe is the proud migrant yogurt worker.','Seth','2007-03-08 09:33:45','Bessy',1),(31,'the code } blocks.','RB','2007-03-09 09:41:51','}',NULL),(32,'Pellet Tower, Pellet Tower!\r\nSquirt!\r\nPellet Tower.\r\n\r\nKill those creeps.\r\nKill them dead.\r\nBeware the fliers.\r\n\r\n5000 points?  I can beat that.\r\nWoah, were did my day go?\r\nI still need to catch up!\r\n\r\nDart Tower?  No way!\r\nFrost Tower?  Maybe.\r\nOh no!  The flying bosses!\r\n\r\nThere goes my day.','Seth','2007-03-22 17:05:21','An Ode to Desktop Tower Defense',1),(33,'White/Orange plus Orange\r\nwhat a perfect pair.\r\nSo kind to be together;\r\nEasy to punch.\r\n\r\nWhite/Green plus Blue\r\ndo you need timeout?\r\nHow twisted you are\r\nto do such a thing.\r\n\r\nWhite/Blue plus Green\r\ndo you seek revenge?\r\nWhat be your gripe?\r\nYou too are twisted.\r\n\r\nWhite/Brown plus Brown\r\nagain a perfect pair.\r\nHow gratifying to see stability.\r\nNow teach those nearby.\r\n\r\nMy pairs are twisted.\r\nSome are not.\r\nOh how I wish I had fiber,\r\nfor it really moves!','Seth','2007-03-23 08:43:54','My Twisted Pairs?',1),(34,'This is a love song about a chili-dog . . . \r\noh so juicy . . . \r\nplump and spicy!\r\nla-la-la-la *barf*','Seth','2007-03-26 11:42:57','Chili Dog Love',1),(35,'booga booga\r\nwooga wooga\r\njiggy jugga\r\nwiggy wugha\r\nznorf\r\nblart\r\nknigget','anonymous','2007-03-28 16:04:13','Booga!!',NULL),(36,'What ho!  Doth a fair summer breeze\r\ncaress mine face?\r\nNEIN.\r\n\r\nForsooth!  Thou are contemptuous\r\nof our fair climes.\r\nNEIN.\r\n\r\nFoul brigand!  Thither shall ye rot\r\nin thy humidity.\r\nNEIN.\r\n\r\nI say?  Dost thou havest\r\nthe time?\r\nNEIN.\r\n\r\nBy jove!  I\'m late for tea!\r\nNein, mein herr,\r\nsind Sie nicht spät für nichts.','Seth','2007-03-29 15:07:43','No',1),(37,'\"I saw it!  I saw it\",\r\nquoth the blind little boy.\r\n\r\n\"What did you see, dear?\"\r\nAsked his deaf mother.\r\n\r\n\"I saw an invisible pink unicorn!\"\r\nhe exclaimed.\r\n\r\nShe screamed.\r\nShe sobbed.\r\n\"Oh no!  What will she take\r\nfrom us now?\"\r\n\r\n\"Please, invisible pink unicorn.\r\nPlease.  You\'ve taken his site,\r\nand you\'ve taken my sound.\r\nWhat more do you want?\"\r\n\r\n\"Your taste,\" came the ethereal\r\nreply, to the reader.\r\n\r\nMy . . . how tasteless this is.','Seth','2007-03-29 15:15:33','To taste no more',1),(38,'Oh you look so good!\r\nThe light seems to roll over each sause covered bean.\r\nOh you look so good!\r\nKetchup oozing out both sides mixing with your wonderful chili.\r\nOh you look so good!\r\n\r\nAcid indigestion.\r\nYou don\'t look quite so good.\r\nGaseous stomach.\r\nYou look worse.\r\nHeartburn. Nausea. Pain.\r\nYou bad bad chili dog.\r\n\r\nWhen tomorrow comes I will want you again.\r\nWhy, O why do you torment me so?\r\nBecause...\r\nOh you look so good!','Bill English','2007-03-29 15:29:07','Chili Dog on a Thursday',4),(39,'They strung him up\r\nby his toes\r\nfor playing with\r\nthe fireman\'s hose.\r\n\r\n\"Tis unfair,\" he cried,\r\n\"to punish me so.\r\nWho did it harm?\"\r\n\"Me!\" cried some Joe.\r\n\r\n\"T\'was my hose,\r\nand I needed it much\r\nfor my dog was on fire\r\nand thus went Dutch.\"\r\n\r\nThe crowed jeered,\r\nwhile women weeped.\r\n\"Dutch was my friend!\r\nHe was kind and sweet.\"\r\n\r\nSo you see my son\r\nhow the world goes \'round.\r\nOne minute you\'re playing,\r\nthe next you\'re off the ground.','Seth','2007-03-29 16:40:09','Crime and Punishment',1),(40,'The thing I fear the most\r\nis to be called\r\nnormal.','Seth','2007-04-02 09:43:24','Weird',1),(41,'Clock is ticking.\r\nStapler. Ouch!\r\nPinata. Ouch!\r\nAnother Stapler. Ouch!\r\nCopy machine. Ouch!\r\nOffice chair...no action.\r\n\r\nTime running low.\r\nHairspray...no action.\r\nLighter. Hairspray. Ouch!\r\nCo-worker. Ouch!\r\nScissors. Ouch!\r\nFall to the floor.\r\n\r\nBlood pool. I win!','Bill English','2007-04-02 12:26:18','To Kill an Office Worker',4),(42,'Breakfast comes \'round\r\nonce a day.  But today\r\nhe wanted to go \'round\r\nagain.\r\n\r\nLunch is coming but\r\nhe\'s not welcome.  He\'s a\r\npushover; Breakfast will\r\nenlist his aid.\r\n\r\nMaybe Dinner will\r\nbring order to things.\r\nOr maybe Mr. Nap will\r\nmake all well.','Seth','2007-04-05 12:34:34','Oh no!',1),(43,'Poetry doesn\'t need those things.\r\nAll you need\r\nto do\r\nis space\r\nthings out really\r\nnarrow.\r\n\r\nAnd it\'s a\r\npoem.\r\n:D','Seth','2007-04-05 12:47:10','Cadence?  Meter?  Rhyme?',1),(44,'I\'ll bet your cat will disagree.\r\nLiving all alone.\r\nIn the basement\r\nWithout thee.\r\n\r\nPoor dead fluffers.\r\nMangy and full of rot.\r\nShe once was so happy.\r\nAnd now she is not.','Seth','2007-04-05 13:54:35','Miss Fluffers',1),(45,'Why do you hate us so?\r\nDowaito?\r\nWas it the chili?\r\nDowaito?\r\nWas is the rkarma?\r\nDowaito?\r\nWas it the time traveling lizard?\r\nDowaito?\r\nWhy do you hate us so?','PhotoNut','2007-04-09 09:44:37','Hatred?',4),(46,'Bob, your hair is so inspiring;\r\nYour friendly little fan brush so...friendly;\r\nYour happy little trees so...happy.\r\n\r\nWe are all glad that happy little trees cover a multitude of sins.\r\nWe are glad we don\'t ever make mistakes, just happy little accidents.\r\nWe are glad that any way we want it to be is just right.\r\nWe are glad we can do anything because it\'s our happy little world.\r\n\r\nWell, the little clock on the wall says we\'re just about out of time. Happy Painting and God bless.','PhotoNut','2007-04-09 10:10:05','Ode to Bob Ross',4),(47,'There is an empty cookie on my browser.','dowaito','2007-04-10 15:44:44','Web Angst',2),(48,'Everywhere I look\r\nI see pages in black.\r\n\r\nEverywhere I read\r\nI see fonts in blood red.\r\n\r\nEverywhere I hear\r\nAll is goth or EMO.\r\n\r\nMy browser crashes\r\nIs the web testing me?','dowaito','2007-04-10 15:49:27','The \'E\' in Web Stands for Emo',2),(49,'Zombie zombie on the wall\r\nwhen did you have your great big fall?\r\nLying in pieces full of rot\r\nwhen will you loose the knot . . . \r\nof unlife?','Seth','2007-04-10 15:55:31','Zombies (i)',1),(50,'Full of decay\r\nfull of rot. You\r\nbring disarray\r\nyou aren\'t so hot.\r\n\r\nPieces missing\r\nscattered around.\r\nDismissing that\r\nhand on the ground.\r\n\r\nIs it dead or\r\nis it complete?\r\nThe first ignore\r\nthe last to eat.\r\n\r\nIt moves!  But with,\r\na life so crude.\r\nWiggle and writhe.\r\nOooo.  Finger food.','Seth','2007-04-12 09:22:17','Zombies (ii)',1),(51,'Lich Lord, Lich Lord\r\nyou\'re the one\r\nwho makes our\r\ndungeon crawling fun!\r\n\r\nWe\'ll kill your minions.\r\nHack and slash!\r\nYou cannot escape us.\r\nKaboom! Crash!\r\n\r\nYou cannot die,\r\nyou do not live.\r\nA fight, a struggle,\r\nwhat more you can give?\r\n\r\nLich Lord, Lich Lord\r\nyou\'re the one\r\nwhose undying death\r\nmakes this fun!','Seth','2007-04-12 09:43:18','Lich it good!',1),(53,'Ouch.\r\nDouble ouch.\r\nTreble ouch.\r\nBass ouch.\r\nJazz!','Seth','2007-04-13 15:19:15','Jazz is Pain',1),(54,'poetry is an egg keeps the nev away.\r\npoetry is that an accurate picture of the 300 (in the movie) was meaningless\r\npoetry is that in a mysql configuration that\'s not the REAL deal.\r\npoetry is that a slacker like me could get just the fact that he doesn\'t have any good\r\npoetry is that why you don\'t have time today.','rb','2007-04-19 10:28:48','on poetry',NULL),(55,'Damn the paparazzi!\r\nFoiled again.\r\nMy dreams.\r\nMy nightmares.\r\nCrushed like so many marbles.','Seth','2007-04-19 14:02:15','Paparazzi',1),(56,'Some like techno\r\nSome like hip hop\r\n\r\nSome like disco\r\nSome like to rawk\r\n\r\nPoor souls like country\r\npoorer few opera\r\n\r\nPhotonut likes noise\r\nand I don\'t mean rap\r\n\r\n','Dowaito','2007-04-26 13:32:04','Noyze!',2),(57,'The day is gone\r\nit flew by so fast.\r\n\r\nNow my Thursday\r\nis in the past.\r\n\r\nYay!','Seth','2007-04-26 17:03:33','Goodbye Thursday',1),(58,'I.\r\nHate.\r\nMondays.','JD','2007-04-30 10:54:35','Monday',3),(59,'Monday, you won\'t die.\r\nYou keep coming back\r\nlike so many zombies.\r\n\r\nMonday, you vile wretched thing.\r\nWhen will you become an\r\nextension of my weekend?\r\n\r\nMonday, I hate you.','Seth','2007-04-30 10:54:58','Not Again!',1),(60,'I don\'t regret the work.\r\nThe yard looks better.\r\nI shall not have to do it again,\r\nuntil next week that is.\r\n\r\nI regret doing it on Sunday\r\ninstead of Saturday.\r\nI should be abed\r\ndreaming dreams without grass.','Seth','2007-04-30 11:31:42','Regret',1),(61,'Roses are Red\r\nViolets are Blue\r\nWhat the crap is that?!?\r\nOh.  It\'s just you.','Seth','2007-05-03 09:55:28','You Startled Me',1),(62,'Your tresses are the brown of the stygian depths.\r\n\r\nYour muscles ripple like a mountain goat.\r\n\r\nYour eyes like the soulless stare of those on meth.\r\n\r\nYour lips like the shores of a castle moat.\r\n\r\nJedediah you are THE dreamy hunk monkey!','dowaito','2007-05-03 10:03:45','Ode to Jedediah',2),(63,'Rain falls as ice\r\nplummeting.\r\nPlummeting.\r\n\"To the death!\"\r\nthey cry as they fall.\r\nFall.\r\nFall.\r\n\r\nHail.','Seth','2007-05-03 16:14:59','Hail to the Rain',1),(64,'Pain travels in groups\r\nhunting poor souls\r\nculling the herd.','Seth','2007-05-10 11:00:00','Pain',1),(65,'Your way.\r\nMy way.\r\nIt\'s all for the highway.\r\n\r\nLet\'s standardize\r\ndocument\r\nand interoperate.\r\n\r\nI fooled you!\r\nI\'m still doing it\r\nMY WAY!\r\n\r\nBwhahahahahaha!\r\nSucker.','Seth','2007-05-10 11:05:31','Standardization',1),(66,'Oh squiggly line in my eye fluid\r\nI see you there lurking on the periphery of my vision\r\nbut when I try to look at you, you scurry away\r\nAre you shy squiggly line?\r\nWhy only when I ignore you do you return to the center of my eye?\r\nIts alright squiggly line, I forgive you','Stewie Griffin','2007-05-11 11:05:53','Oh squiggly line in my eye',NULL),(67,'tumblr, youtube, mail.\r\nbrain cells withering to dust,\r\nbut it sure beats working.','Dowaito','2007-05-17 12:28:54','Slow Day',2),(68,'Bad programming style\r\narbitrary method names\r\nyou can\'t do nor teach','Dowaito','2007-05-17 12:35:34','Won\'t Be Beat By Stevey',2),(69,'On snowy mountain peaks\r\nthe long haired goats speak with bleats.\r\nSo too my wrong keys.\r\n','Dowaito','2007-05-17 12:39:12','I can\'t type',2),(70,'I\'m contemplating caffeine. . . .\r\nTo drink or not to drink?\r\nTo not sleep or to sleep?\r\nTo not work or to work?\r\nBah.\r\nI\'ll stick with water.','Seth','2007-05-17 12:39:21','Caffeine iv',1),(71,'\"Please give me more time\",\r\nhe cried in a spare moment.\r\nDoes this poem rhyme?','Dowaito','2007-05-17 12:43:26','Ode to Nev (with apologies to \"So I Married an Axe Murderer)',2),(72,'*cough*\r\n*moan*\r\n*cough* *cough*\r\n*moan*\r\n\r\n*wheeze*\r\n*moan*\r\n*wheeze* *cough* *wheeze*\r\n*moan*\r\n\r\n*moan*\r\n*cough* *cough* *moan*\r\n*wheeze* *cough* *cough*\r\n*cough*\r\n*MOAN*\r\n\r\n...\r\n\r\nSilence.\r\nSleep?\r\nAye.  Eternal.',NULL,'2007-05-23 10:34:44','The Cold of Death',1),(73,'6 days away\r\nthen 5.\r\n4 days away\r\nthen 3.\r\n2 days away\r\nthen . . .\r\n\r\nTomorrow is Friday!',NULL,'2007-05-31 16:09:09','Hooray for Friday!',1),(74,'The printer made by Dell\r\nThe printer made by Dell\r\nHi-ho-the-derry-o\r\nThe printer made by Dell\r\n\r\nThe 1710n\r\nThe 1710n\r\nIt\'s black and white\r\nAnd pretty tight\r\nThe 1710n\r\n\r\nIt comes with Ethernet\r\nAnd USB you bet\r\nThe memory\r\n32MB\r\nBut more you later can get\r\n\r\nIt doesn\'t work with Mac\r\nThat\'s just a plain ol\' fact\r\nBut it looks nice\r\nAnd it this price\r\nSome smiles we should see crack\r\n\r\nThe printer made by Dell\r\nThe printer made by Dell\r\nHi-ho-click-the-button-yo\r\nAnd buy one for yourself.\r\n\r\n--woot.com',NULL,'2007-06-01 09:34:35','The Dell Printer',3),(75,'Flutter, flap, flutter\r\ngo the little wings.\r\nFlutter, flap, flutter.\r\n\r\nRat-a-tat-tat\r\ngoes the silly kitty.\r\nMreoow!\r\n\r\nPounce!  Leap!\r\nThe kitty gives chase.\r\nLunge.  Crouch.\r\n\r\nStupid or brave we\r\ndo not know\r\nbut the butterfly\r\nlands on the kitty\'s nose!\r\n\r\n*blink* *blink-blink*\r\nConfusion abounds,\r\nthe cat is sleepy,\r\nand thus ends our poem.',NULL,'2007-06-07 13:12:59','Kitty +  Butterfly = Cute',1),(76,'Growl, gurgle, inflate and pain.\r\nYou shall suffer again and again.\r\n\r\nDo not eat me\r\nunless you wish\r\nto wish and wish you were a fish!',NULL,'2007-06-07 13:15:06','Revenge of the Beef Stick',1),(77,'Tick-tock\r\ngoes the clock.\r\nCounting down\r\n\'til\r\nMONDAY!!',NULL,'2007-06-07 16:42:36','Tick-tock',1),(78,'Sleep.  Sleep.  Sleep.  Sleep.  Sleep.\r\nOh how I want to sleep, now.\r\nSleep.  Sleep.  Sleep.  Sleep.  Sleep.',NULL,'2007-06-14 15:12:37','Sleep.  A haiku.',1),(79,'Five syllables here\r\nFive syllables just above\r\nFive syllables here',NULL,'2007-06-14 15:15:56','Autological Haiku',3),(80,'dot dot dash dash dot\r\ndash dash dot dash dash dot dot\r\ndot dot dot dot dash',NULL,'2007-06-14 15:18:23','Morse Haiku',3),(81,'I do believe lunch is on the horizon.\r\nIt looms like a giant sandwich.\r\nSpherical like an orange.\r\nTasting of yogurt.\r\nIt comes to fulfill our needs.\r\nThe coming of the lunch.',NULL,'2007-06-19 11:56:51','Lunch Cometh',1),(82,'Stop your equivocating.\r\nAnd stop procrastingating.\r\nLet us rule the world\r\nunder our bronzed fist.\r\nDiscordians!  Unite!\r\nOr . . . just be discordious and chaotic.\r\nYour call really.',NULL,'2007-06-20 14:43:23','Unite',1),(83,'WHY!?!  Why did I get married?\r\nIt\'s been nothing but bliss and pleasure.\r\nWhere is the angst which fueled my poetry?\r\nWhere is the torment which fueled my prose?\r\nAm I too happy to pursue my creativity?\r\nYes!\r\nDamn women.',NULL,'2007-06-20 14:46:09','Anniversaries',1),(84,'Rats.\r\nIn the walls.\r\nScratching.\r\nScratching.\r\n\r\nThey\'re everywhere.\r\nWanting to get out\r\nand feast on\r\nmy corpulent flesh.',NULL,'2007-06-21 16:25:22','Rats',1),(85,'In a quantum world\r\nwhere fish ruled the land\r\nand polar bears were legal tender,\r\nyou and I could be three.\r\n\r\nIn a quantum world\r\nwhere light was liquid\r\nand dust the hue of love\r\nyou and I could share a spleen.\r\n\r\nIn a quantum world\r\nwhere lamps roamed the wilds\r\nand dreams walked the streets\r\nyou and I . . . you and I would be free.',NULL,'2007-06-27 11:11:53','You and I',1),(86,'Bubble, bubble, foil and rubble.\r\nMy server room was hit by a volcano.',NULL,'2007-06-28 11:21:45','Volcanic Computing',1),(87,'\"Forward my packets\" the computer requested.\r\n\"Ok\" replied the refurbished router.\r\n\r\n\"Forward my packets\" another computer requested.\r\n\"Ok\" replied the refurbished router.\r\n\r\n\"Forward my packets\" the third requested.\r\n\"Ok\" replied the refurbished router.\r\n\r\n\"Forward my packets\" the first computer requested.\r\n\"Ok\" replied the refurbished router, \"but only to this address\".\r\n\"you suck\" replied the computer, and the router was thus recycled of its power source.\r\n\r\nThings went on like this, in un-poetic fashion, for many months.\r\nConnections were lost (especially zeroK\'s).\r\n\r\nMany months later, on an otherwise inconspicuous tuesday, the refurbished router wouldn\'t fix itself.\r\n\"BLAST!\" cried its owner as he shopped for a new router.\r\n\r\nThus was the day the router died.',NULL,'2007-07-11 10:01:33','The day the router sort of died; fishbulbv2 is replaced; a new router finds a home.',3),(88,'Flat and pentagon shaped,\r\nhaving 6 corners.\r\nFloating through space\r\non the back of a turtle.\r\nMy home.\r\nEarth.',NULL,'2007-07-12 15:16:20','Flat Earth',1),(89,'North Dakota where\'d you go?\r\nComing from the mind of\r\nsome mad cartographer.\r\nYou never did exist,\r\nbut my you were pretty.\r\n\r\nIdaho, what\'s up with you?\r\nYou persecute zombies,\r\nyet you are yourself a myth.\r\nFreak.',NULL,'2007-07-12 15:18:59','Ode to the Myths',1),(90,'R0535 4R3 R3D, V10l375 4R3 BLU3, 1337 P037RY 5UCK5, BU7 50 D0 Y0U?',NULL,'2007-07-15 21:30:07','R0s3s R 1337!!1111!!',3),(91,'Breaker, breaker, Tango-Charlie!\r\nThe sky is falling!\r\nThe sky is falling!\r\nMayday!\r\nIn July!\r\nBUTTER.',NULL,'2007-07-19 10:05:28','The Emergency Poetry Network',1),(92,'Roses are red\r\nso is violence.\r\nHIYAH!',NULL,'2007-07-26 08:52:44','Kung-fu Poetry',1),(93,'jedediah is an old bugger\r\nscrawny, lightweight\r\nrevolutionary soldier.\r\nBut my beard is more\r\nimpressive.',NULL,'2007-08-02 11:37:21','jedediah',1),(94,'Walking around\r\ndead of night.\r\n\r\nDoing the rounds\r\nready to fight.\r\n\r\nHe is Ken\r\nthe late night troll.\r\n\r\nYo!  What\'s\r\nthe FREQUENCY?!?',NULL,'2007-08-02 11:40:27','Ken\'s Frequency',1),(95,'dowaito, dowaito\r\nman of photoshopped head on glistening hard body.\r\n\r\nMohawk, boots\r\nleather jacket to complete the ensemble.\r\n\r\nO dowaito\r\nwhy do you smell of Mormons?\r\n\r\ndowaito, the\r\nSLC Xian punk programmer supreme!',NULL,'2007-08-02 11:46:02','dowaito',1),(96,'PhotoNut, the man of\r\nindigestible mystery.\r\nWhy do you consume\r\nso many chili dogs?\r\n\r\nPhotoNut, we\'ve learned\r\nnot to query your name\r\nin the urban dictionary.\r\nEeeew.\r\n\r\nPhotoNut . . . \r\nlol\r\nLONG LINK!\r\nlol',NULL,'2007-08-02 11:48:41','PhotoNut',1),(97,'Oh nev, why do you hate symbols so?\r\nPlagued by the dread of PHP you are,\r\nAn ugly language with broken comparitors.\r\n\r\nPerhaps re-indocrination is all that\'s needed,\r\nTo see, that symbols are the way of the future.\r\nLong live ruby.',NULL,'2007-08-13 09:58:03','symbols',3),(98,'clear\r\n10-4\r\nroger wilco\r\nwhere\'s waldo',NULL,'2007-08-23 09:36:16','Eating Lampshades',2),(99,'Buzz, buzz, buzzing along\r\nto the happy drone\r\nof a snoring sleeper.\r\n\r\nBliss and ignorance\r\nmay not unite\r\nbut sleep, oh sleep,\r\nyou are bliss and make me ignorant of wakefulness.\r\n\r\nSleep. I need you, \'cuz this poem doesn\'t make sense much at all.',NULL,'2007-08-23 16:52:38','Sleep part Zzz',1),(100,'Dough, the stuff I work hard for.\r\nRay some blind guy who played jazz.\r\nMi-go, some crazy-scary monsters!\r\nFa, an element I just discovered!!\r\nSo you need give me praise\r\nLa-yer it good and thick.\r\nTea is what I drink.\r\nDoh!',NULL,'2007-08-30 13:17:51','The Sound of . . . WHAT?',1),(101,'This day of heat\r\njust can\'t be beat.\r\nBut be wary\r\nor you\'ll be visited by the Heat Stroke Fairy!',NULL,'2007-08-30 16:22:00','Heat Stroke',1),(102,'Up and down,\r\nup and down.\r\nUp and down\r\nI think I\'ll wear a frown.\r\n\r\nUp and down,\r\nup and down.\r\nGah!  I\'m calling in sick,\r\nSICK OF STAIRS!\r\n\r\nJet pack me baby!',NULL,'2007-09-06 16:21:22','Stairs',1),(103,'Condensing moisture in the air\r\nhumid, humid everywhere.\r\nOh server room, so cold\r\nand frigid.\r\nYou are now our walk-in\r\nhumidor!\r\n\r\nCold as night, muggy as urban metropolises with a high crime rate,\r\nYou o server room\r\nare not so pleasant anymore.\r\nTo whit!  Forsooth!  Ah phooey,\r\nsomebody fix the humidifying dehumidifier!',NULL,'2007-09-13 13:27:06','CONDENSING MOISTURE',1),(104,'Left!  Right!  A! B!\r\nUp-down-up-down.\r\nLeft, left, left!\r\nAh SNES, how I don\'t miss your ROM.',NULL,'2007-09-13 13:38:18','Retro Gaming',1),(105,'Gather round, all who hear,\r\nand witness my sage advice.\r\nThey come, they come without fear,\r\nthey come to feast upon our flesh.\r\n\r\nShambling, moaning, groaning\r\nthey come, but slowly.\r\nArm thyselves with weapons of\r\nhead-wounding.\r\n\r\nMockery of crockery shall no longer persist,\r\nonce it be known that such shall save our doomed race.\r\nBats, too, sticks, clubs, crowbars,\r\nall shall prove useful against the undead hordes.\r\n\r\nAim for the head, or you\'ll be dead.\r\nDestroy the brain, or remove the head.\r\nThis will stop their locomotion\r\nand quell their ungodly hunger.\r\n\r\nChoose your weapon.\r\nAim for the head.\r\nDON\'T MISS!\r\n(or they will eat your brains)',NULL,'2007-09-20 14:03:41','AIM FOR THE HEAD',NULL),(106,'Falling.\r\nFalling.\r\nPlummeting toward doom.\r\nCascading petals\r\nof lost sanity.',NULL,'2007-09-21 12:54:55','!Sane == TRUE',1),(107,'Back from hiatus\r\nHe says he will blog again\r\nHow long will it last?',NULL,'2007-09-27 09:43:57','blog.0k',3);
UNLOCK TABLES;
/*!40000 ALTER TABLE `poems` ENABLE KEYS */;

--
-- Table structure for table `schema_info`
--

DROP TABLE IF EXISTS `schema_info`;
CREATE TABLE `schema_info` (
  `version` int(11) default NULL
) ENGINE=MyISAM DEFAULT CHARSET=latin1;

--
-- Dumping data for table `schema_info`
--


/*!40000 ALTER TABLE `schema_info` DISABLE KEYS */;
LOCK TABLES `schema_info` WRITE;
INSERT INTO `schema_info` VALUES (6);
UNLOCK TABLES;
/*!40000 ALTER TABLE `schema_info` ENABLE KEYS */;

--
-- Table structure for table `taggings`
--

DROP TABLE IF EXISTS `taggings`;
CREATE TABLE `taggings` (
  `id` int(11) NOT NULL auto_increment,
  `tag_id` int(11) default NULL,
  `taggable_id` int(11) default NULL,
  `taggable_type` varchar(255) default NULL,
  PRIMARY KEY  (`id`),
  KEY `index_taggings_on_tag_id_and_taggable_id_and_taggable_type` (`tag_id`,`taggable_id`,`taggable_type`)
) ENGINE=InnoDB DEFAULT CHARSET=latin1;

--
-- Dumping data for table `taggings`
--


/*!40000 ALTER TABLE `taggings` DISABLE KEYS */;
LOCK TABLES `taggings` WRITE;
INSERT INTO `taggings` VALUES (1,1,1,'Poem'),(2,2,3,'Poem'),(11,2,8,'Poem'),(3,3,4,'Poem'),(88,3,49,'Poem'),(89,3,50,'Poem'),(209,3,105,'Poem'),(4,4,5,'Poem'),(5,5,5,'Poem'),(6,6,5,'Poem'),(24,7,2,'Poem'),(7,7,6,'Poem'),(14,7,11,'Poem'),(42,7,28,'Poem'),(8,8,7,'Poem'),(9,9,7,'Poem'),(10,10,7,'Poem'),(12,11,9,'Poem'),(13,11,10,'Poem'),(15,12,12,'Poem'),(46,12,31,'Poem'),(16,13,13,'Poem'),(152,13,79,'Poem'),(17,14,14,'Poem'),(95,14,54,'Poem'),(18,15,14,'Poem'),(32,15,21,'Poem'),(79,15,46,'Poem'),(131,15,71,'Poem'),(22,16,15,'Poem'),(20,17,16,'Poem'),(23,18,15,'Poem'),(21,18,16,'Poem'),(133,18,67,'Poem'),(118,18,68,'Poem'),(120,18,69,'Poem'),(129,18,71,'Poem'),(148,18,78,'Poem'),(153,18,79,'Poem'),(155,18,80,'Poem'),(211,18,107,'Poem'),(25,19,17,'Poem'),(26,20,17,'Poem'),(27,21,18,'Poem'),(33,21,22,'Poem'),(34,21,23,'Poem'),(41,21,27,'Poem'),(122,21,70,'Poem'),(28,22,19,'Poem'),(29,23,19,'Poem'),(30,24,20,'Poem'),(100,24,58,'Poem'),(101,24,59,'Poem'),(147,24,77,'Poem'),(31,25,21,'Poem'),(140,25,73,'Poem'),(35,26,24,'Poem'),(36,27,25,'Poem'),(127,27,34,'Poem'),(57,27,38,'Poem'),(37,28,25,'Poem'),(128,28,34,'Poem'),(58,28,38,'Poem'),(64,28,39,'Poem'),(38,29,26,'Poem'),(39,30,27,'Poem'),(149,30,78,'Poem'),(197,30,99,'Poem'),(40,31,27,'Poem'),(43,32,29,'Poem'),(44,33,30,'Poem'),(45,34,30,'Poem'),(47,35,32,'Poem'),(68,35,41,'Poem'),(208,35,104,'Poem'),(48,36,33,'Poem'),(51,38,35,'Poem'),(52,39,36,'Poem'),(53,40,36,'Poem'),(54,41,37,'Poem'),(55,42,37,'Poem'),(56,43,37,'Poem'),(59,44,38,'Poem'),(99,44,57,'Poem'),(60,45,38,'Poem'),(146,45,76,'Poem'),(61,46,38,'Poem'),(62,47,39,'Poem'),(63,48,39,'Poem'),(65,49,40,'Poem'),(66,50,40,'Poem'),(67,51,41,'Poem'),(69,52,41,'Poem'),(70,53,42,'Poem'),(139,53,72,'Poem'),(71,54,42,'Poem'),(72,55,43,'Poem'),(96,55,54,'Poem'),(73,56,44,'Poem'),(143,56,75,'Poem'),(74,57,44,'Poem'),(75,58,45,'Poem'),(76,59,46,'Poem'),(77,60,46,'Poem'),(78,61,46,'Poem'),(80,62,47,'Poem'),(85,62,48,'Poem'),(81,63,47,'Poem'),(82,64,47,'Poem'),(83,65,47,'Poem'),(86,65,48,'Poem'),(84,66,48,'Poem'),(87,67,48,'Poem'),(90,68,51,'Poem'),(91,69,51,'Poem'),(92,70,51,'Poem'),(94,71,53,'Poem'),(97,72,55,'Poem'),(98,73,56,'Poem'),(102,74,60,'Poem'),(103,75,60,'Poem'),(104,76,61,'Poem'),(173,76,90,'Poem'),(179,76,92,'Poem'),(105,77,61,'Poem'),(106,78,61,'Poem'),(107,79,62,'Poem'),(108,80,62,'Poem'),(109,81,62,'Poem'),(110,82,63,'Poem'),(111,83,63,'Poem'),(112,84,64,'Poem'),(113,85,65,'Poem'),(114,86,66,'Poem'),(135,87,67,'Poem'),(134,88,67,'Poem'),(136,89,67,'Poem'),(119,90,68,'Poem'),(121,91,69,'Poem'),(130,93,71,'Poem'),(193,93,97,'Poem'),(132,94,71,'Poem'),(137,95,72,'Poem'),(138,96,72,'Poem'),(141,97,74,'Poem'),(142,98,74,'Poem'),(144,99,75,'Poem'),(145,100,76,'Poem'),(154,101,80,'Poem'),(156,102,81,'Poem'),(160,103,82,'Poem'),(170,103,88,'Poem'),(159,104,82,'Poem'),(161,105,83,'Poem'),(162,106,83,'Poem'),(163,107,84,'Poem'),(164,108,85,'Poem'),(165,109,86,'Poem'),(166,110,86,'Poem'),(167,111,87,'Poem'),(168,112,88,'Poem'),(169,113,88,'Poem'),(171,114,89,'Poem'),(172,115,89,'Poem'),(174,116,90,'Poem'),(175,117,91,'Poem'),(176,118,91,'Poem'),(178,119,92,'Poem'),(191,120,93,'Poem'),(184,121,94,'Poem'),(183,122,94,'Poem'),(189,123,95,'Poem'),(187,124,96,'Poem'),(192,125,93,'Poem'),(190,125,95,'Poem'),(188,125,96,'Poem'),(194,126,97,'Poem'),(195,127,97,'Poem'),(196,128,98,'Poem'),(198,129,100,'Poem'),(199,130,101,'Poem'),(200,131,101,'Poem'),(201,132,101,'Poem'),(202,133,102,'Poem'),(203,134,102,'Poem'),(204,135,103,'Poem'),(205,136,103,'Poem'),(206,137,103,'Poem'),(207,138,104,'Poem'),(210,139,106,'Poem'),(212,140,107,'Poem'),(213,141,107,'Poem');
UNLOCK TABLES;
/*!40000 ALTER TABLE `taggings` ENABLE KEYS */;

--
-- Table structure for table `tags`
--

DROP TABLE IF EXISTS `tags`;
CREATE TABLE `tags` (
  `id` int(11) NOT NULL auto_increment,
  `name` varchar(255) default NULL,
  PRIMARY KEY  (`id`),
  KEY `index_tags_on_name` (`name`)
) ENGINE=InnoDB DEFAULT CHARSET=latin1;

--
-- Dumping data for table `tags`
--


/*!40000 ALTER TABLE `tags` DISABLE KEYS */;
LOCK TABLES `tags` WRITE;
INSERT INTO `tags` VALUES (125,'#fishbulb'),(141,'0kelvin'),(116,'1337'),(1,'admin'),(63,'angst'),(106,'anniversaries'),(13,'autological'),(100,'beefstick'),(20,'bellybutton'),(90,'bitter'),(59,'Bob'),(38,'booga!'),(65,'browser'),(118,'butter'),(99,'butterfly'),(21,'caffeine'),(26,'caffiene'),(56,'cat'),(36,'Cat5'),(104,'chaos'),(27,'chili'),(37,'chilli'),(75,'chores'),(12,'code'),(7,'coffee'),(95,'cold'),(2,'computers'),(136,'condensation'),(64,'cookie'),(96,'cough'),(34,'cows'),(139,'crazy'),(47,'crime'),(57,'death'),(98,'dell'),(103,'discordianism'),(28,'dog'),(123,'dowaito'),(80,'dreamy'),(5,'drowning'),(70,'dungeon'),(113,'earth'),(17,'eclipse'),(16,'emacs'),(117,'emergency'),(66,'emo'),(86,'eye'),(132,'fairy'),(50,'fear'),(4,'fish'),(112,'flat'),(128,'FNORD'),(54,'food'),(122,'frequency'),(25,'Friday'),(35,'games'),(40,'german'),(23,'gibberish'),(18,'haiku'),(82,'hail'),(61,'Hair'),(58,'Hate'),(46,'heartburn'),(130,'heat'),(6,'help'),(135,'humid'),(81,'hunk'),(115,'idaho'),(45,'indigestion'),(41,'invisible'),(71,'jazz'),(79,'jededia'),(120,'jedediah'),(134,'jet-pack'),(92,'kaiku'),(121,'ken'),(51,'kill'),(68,'lich'),(10,'limerick'),(19,'lint'),(102,'lunch'),(105,'marriage'),(24,'Monday'),(101,'Morse'),(73,'music'),(114,'myth'),(69,'necromancy'),(93,'nev'),(39,'no'),(49,'normal'),(11,'north'),(15,'ode'),(52,'office'),(22,'onomatopoeia'),(84,'pain'),(72,'paparazzi'),(124,'PhotoNut'),(42,'pink'),(55,'poetry'),(97,'printer'),(48,'punishment'),(108,'quantum'),(83,'rain'),(107,'rats'),(8,'RAW'),(14,'rb'),(74,'regret'),(138,'retro'),(76,'roses'),(60,'Ross'),(111,'router'),(126,'ruby'),(109,'server'),(137,'servers'),(140,'seth'),(32,'Shakespeare'),(53,'sick'),(30,'sleep'),(129,'sound'),(133,'stairs'),(85,'standards'),(131,'stroke'),(67,'suicide'),(127,'symbols'),(44,'thursday'),(9,'TIFF'),(94,'time'),(31,'tired'),(88,'tumblr'),(91,'typing'),(43,'unicorn'),(119,'violence'),(77,'violets'),(110,'volcano'),(62,'web'),(29,'Windows'),(87,'work'),(33,'yogurt'),(78,'you'),(89,'youtube'),(3,'zombies');
UNLOCK TABLES;
/*!40000 ALTER TABLE `tags` ENABLE KEYS */;

--
-- Table structure for table `users`
--

DROP TABLE IF EXISTS `users`;
CREATE TABLE `users` (
  `id` int(11) NOT NULL auto_increment,
  `username` varchar(255) default NULL,
  `password` varchar(255) default NULL,
  `profile` text,
  PRIMARY KEY  (`id`)
) ENGINE=InnoDB DEFAULT CHARSET=latin1;

--
-- Dumping data for table `users`
--


/*!40000 ALTER TABLE `users` DISABLE KEYS */;
LOCK TABLES `users` WRITE;
INSERT INTO `users` VALUES (1,'nev','nevsama',NULL),(2,'dowaito','p03try',NULL),(3,'jd','grovermh',NULL),(4,'nut','nut',NULL);
UNLOCK TABLES;
/*!40000 ALTER TABLE `users` ENABLE KEYS */;

--
-- Table structure for table `votes`
--

DROP TABLE IF EXISTS `votes`;
CREATE TABLE `votes` (
  `id` int(11) NOT NULL auto_increment,
  `user_id` int(11) default NULL,
  `poem_id` int(11) default NULL,
  `points` int(11) default NULL,
  PRIMARY KEY  (`id`)
) ENGINE=InnoDB DEFAULT CHARSET=latin1;

--
-- Dumping data for table `votes`
--


/*!40000 ALTER TABLE `votes` DISABLE KEYS */;
LOCK TABLES `votes` WRITE;
INSERT INTO `votes` VALUES (1,3,71,1),(2,1,62,-1),(3,3,38,-1),(4,3,65,1),(5,3,72,1),(6,3,73,1),(7,3,70,-1),(8,3,67,1),(9,3,85,1),(10,3,86,1),(11,3,93,-1),(12,3,94,1),(13,2,95,1),(14,2,93,-1),(15,3,96,1),(16,1,97,-1);
UNLOCK TABLES;
/*!40000 ALTER TABLE `votes` ENABLE KEYS */;
/*!40103 SET TIME_ZONE=@OLD_TIME_ZONE */;

/*!40101 SET SQL_MODE=@OLD_SQL_MODE */;
/*!40014 SET FOREIGN_KEY_CHECKS=@OLD_FOREIGN_KEY_CHECKS */;
/*!40014 SET UNIQUE_CHECKS=@OLD_UNIQUE_CHECKS */;
/*!40101 SET CHARACTER_SET_CLIENT=@OLD_CHARACTER_SET_CLIENT */;
/*!40101 SET CHARACTER_SET_RESULTS=@OLD_CHARACTER_SET_RESULTS */;
/*!40101 SET COLLATION_CONNECTION=@OLD_COLLATION_CONNECTION */;
/*!40111 SET SQL_NOTES=@OLD_SQL_NOTES */;

